{"initial_reset_timestamp": 1569834072.8085132, "timestamps": [1569834096.3095546], "episode_lengths": [1299], "episode_rewards": [17.0], "episode_types": ["t"]}